TOURIST TYPE EN,TRIP TYPE,YEAR,DESTINATION PROVINCE NAME EN,Total VISITORS Number,SPENDS by SR
DOMESTIC,Overnight,2015,Albaha,"1,041,399","1,119,776,018.55"
DOMESTIC,Overnight,2015,Alqassim,"946,993","832,038,134.23"
DOMESTIC,Overnight,2015,Aseer,"5,091,717","6,482,489,011.94"
DOMESTIC,Overnight,2015,Eastern,"5,285,362","5,250,058,082.7"
DOMESTIC,Overnight,2015,Hail,"671,761","594,608,191.66"
DOMESTIC,Overnight,2015,Jazan,"2,075,500","2,052,357,580.14"
DOMESTIC,Overnight,2015,Jouf,"463,646","242,464,990.63"
DOMESTIC,Overnight,2015,Madinah,"7,360,507","5,104,914,333.92"
DOMESTIC,Overnight,2015,Makkah,"16,564,910","18,847,906,638.41"
DOMESTIC,Overnight,2015,Najran,"431,999","481,950,950.03"
DOMESTIC,Overnight,2015,Northern Borders,"399,410","272,320,695.92"
DOMESTIC,Overnight,2015,Riyadh,"4,953,129","6,158,091,087.58"
DOMESTIC,Overnight,2015,Tabuk,"1,164,099","980,110,103.01"
DOMESTIC,Overnight,2016,Albaha,"1,223,418","1,350,220,453.7"
DOMESTIC,Overnight,2016,Alqassim,"733,648","756,868,579.92"
DOMESTIC,Overnight,2016,Aseer,"4,988,344","7,689,910,265.41"
DOMESTIC,Overnight,2016,Eastern,"3,850,660","4,635,950,856.84"
DOMESTIC,Overnight,2016,Hail,"455,156","433,340,040.26"
DOMESTIC,Overnight,2016,Jazan,"2,352,393","3,388,679,838.09"
DOMESTIC,Overnight,2016,Jouf,"325,526","214,189,688.69"
DOMESTIC,Overnight,2016,Madinah,"7,878,855","5,471,893,624.97"
DOMESTIC,Overnight,2016,Makkah,"16,806,980","21,954,097,902.17"
DOMESTIC,Overnight,2016,Najran,"527,436","683,093,193.32"
DOMESTIC,Overnight,2016,Northern Borders,"276,208","332,550,298.45"
DOMESTIC,Overnight,2016,Riyadh,"4,467,876","7,518,353,886.28"
DOMESTIC,Overnight,2016,Tabuk,"1,149,985","999,842,922.66"
DOMESTIC,Overnight,2017,Albaha,"1,105,816","1,027,683,421.26"
DOMESTIC,Overnight,2017,Alqassim,"908,345","762,910,419.52"
DOMESTIC,Overnight,2017,Aseer,"5,321,921","5,888,650,696.46"
DOMESTIC,Overnight,2017,Eastern,"3,566,597","3,793,642,418.75"
DOMESTIC,Overnight,2017,Hail,"465,219","388,249,966.33"
DOMESTIC,Overnight,2017,Jazan,"1,885,456","2,380,169,194.22"
DOMESTIC,Overnight,2017,Jouf,"284,311","248,232,511.2"
DOMESTIC,Overnight,2017,Madinah,"7,236,427","5,199,505,788.1"
DOMESTIC,Overnight,2017,Makkah,"16,911,245","19,623,655,205.35"
DOMESTIC,Overnight,2017,Najran,"600,191","681,090,053.31"
DOMESTIC,Overnight,2017,Northern Borders,"202,159","182,501,992.1"
DOMESTIC,Overnight,2017,Riyadh,"4,104,525","4,915,933,981.19"
DOMESTIC,Overnight,2017,Tabuk,"1,228,364","1,008,016,288.9"
DOMESTIC,Overnight,2018,Albaha,"1,234,663","1,380,328,872.64"
DOMESTIC,Overnight,2018,Alqassim,"1,072,011","1,299,116,852.29"
DOMESTIC,Overnight,2018,Aseer,"4,922,625","6,077,248,991.8"
DOMESTIC,Overnight,2018,Eastern,"4,093,116","4,830,496,587.49"
DOMESTIC,Overnight,2018,Hail,"791,076","781,987,291.25"
DOMESTIC,Overnight,2018,Jazan,"2,238,477","2,597,805,056.31"
DOMESTIC,Overnight,2018,Jouf,"393,263","640,793,256.85"
DOMESTIC,Overnight,2018,Madinah,"6,551,673","5,328,765,812.3"
DOMESTIC,Overnight,2018,Makkah,"15,521,733","16,741,101,993.91"
DOMESTIC,Overnight,2018,Najran,"621,517","869,501,559.08"
DOMESTIC,Overnight,2018,Northern Borders,"263,092","329,447,859.16"
DOMESTIC,Overnight,2018,Riyadh,"4,306,319","6,027,865,352.67"
DOMESTIC,Overnight,2018,Tabuk,"1,245,916","1,217,846,055.17"
DOMESTIC,Overnight,2019,Albaha,"1,461,757","1,666,104,546.39"
DOMESTIC,Overnight,2019,Alqassim,"1,444,751","1,870,928,155.48"
DOMESTIC,Overnight,2019,Aseer,"4,943,468","6,408,797,009.64"
DOMESTIC,Overnight,2019,Eastern,"4,513,502","6,217,613,043.84"
DOMESTIC,Overnight,2019,Hail,"972,897","1,019,661,751.15"
DOMESTIC,Overnight,2019,Jazan,"2,351,532","2,889,589,705.95"
DOMESTIC,Overnight,2019,Jouf,"524,344","944,309,235.62"
DOMESTIC,Overnight,2019,Madinah,"7,242,975","5,897,107,260.94"
DOMESTIC,Overnight,2019,Makkah,"16,017,231","19,954,103,120.48"
DOMESTIC,Overnight,2019,Najran,"564,242","884,335,549.83"
DOMESTIC,Overnight,2019,Northern Borders,"387,249","628,968,777.94"
DOMESTIC,Overnight,2019,Riyadh,"5,940,244","10,773,896,841.22"
DOMESTIC,Overnight,2019,Tabuk,"1,440,995","2,050,467,494.94"
DOMESTIC,Overnight,2020,Albaha,"1,531,934","1,545,387,354.62"
DOMESTIC,Overnight,2020,Alqassim,"2,037,932","1,818,031,180.38"
DOMESTIC,Overnight,2020,Aseer,"4,584,670","5,200,677,453.49"
DOMESTIC,Overnight,2020,Eastern,"4,284,301","4,374,197,205.63"
DOMESTIC,Overnight,2020,Hail,"1,160,329","1,049,621,451.64"
DOMESTIC,Overnight,2020,Jazan,"2,053,445","1,639,047,913.24"
DOMESTIC,Overnight,2020,Jouf,"778,516","1,010,430,965.67"
DOMESTIC,Overnight,2020,Madinah,"5,610,501","4,395,709,792.71"
DOMESTIC,Overnight,2020,Makkah,"9,878,363","10,432,630,823.58"
DOMESTIC,Overnight,2020,Najran,"611,609","753,024,010.14"
DOMESTIC,Overnight,2020,Northern Borders,"706,560","869,931,837.54"
DOMESTIC,Overnight,2020,Riyadh,"6,825,500","7,493,016,852.14"
DOMESTIC,Overnight,2020,Tabuk,"2,043,129","2,765,432,421.12"
DOMESTIC,Overnight,2021,Albaha,"1,100,265","1,411,179,824.77"
DOMESTIC,Overnight,2021,Alqassim,"3,767,875","3,877,241,223.64"
DOMESTIC,Overnight,2021,Aseer,"5,268,692","8,182,991,968.69"
DOMESTIC,Overnight,2021,Eastern,"9,272,899","14,639,079,155.35"
DOMESTIC,Overnight,2021,Hail,"1,849,642","2,667,802,659.94"
DOMESTIC,Overnight,2021,Jazan,"3,278,169","3,772,891,860.15"
DOMESTIC,Overnight,2021,Jouf,"848,211","1,618,634,337.19"
DOMESTIC,Overnight,2021,Madinah,"4,364,834","5,716,938,243.79"
DOMESTIC,Overnight,2021,Makkah,"18,475,506","31,003,038,195.72"
DOMESTIC,Overnight,2021,Najran,"863,629","2,098,350,810.28"
DOMESTIC,Overnight,2021,Northern Borders,"849,661","1,801,753,096.87"
DOMESTIC,Overnight,2021,Riyadh,"11,606,337","21,108,120,205.01"
DOMESTIC,Overnight,2021,Tabuk,"2,288,178","4,286,091,441.21"
DOMESTIC,Overnight,2022,Albaha,"1,021,043","1,000,449,059.72"
DOMESTIC,Overnight,2022,Alqassim,"4,054,065","4,478,658,490.8"
DOMESTIC,Overnight,2022,Aseer,"5,971,170","7,067,865,544.61"
DOMESTIC,Overnight,2022,Eastern,"11,139,453","12,683,286,817.81"
DOMESTIC,Overnight,2022,Hail,"2,148,543","4,007,809,434.7"
DOMESTIC,Overnight,2022,Jazan,"2,487,702","2,339,047,782.3"
DOMESTIC,Overnight,2022,Jouf,"1,252,504","2,620,718,119.37"
DOMESTIC,Overnight,2022,Madinah,"6,220,574","7,571,598,445.17"
DOMESTIC,Overnight,2022,Makkah,"22,663,371","30,647,244,143.71"
DOMESTIC,Overnight,2022,Najran,"1,109,519","1,943,284,175.31"
DOMESTIC,Overnight,2022,Northern Borders,"1,014,636","2,573,839,791.53"
DOMESTIC,Overnight,2022,Riyadh,"16,143,782","24,947,077,797.58"
DOMESTIC,Overnight,2022,Tabuk,"2,610,139","5,378,336,661.97"
DOMESTIC,Overnight,2023,Albaha,"1,070,829","1,237,245,074.07"
DOMESTIC,Overnight,2023,Alqassim,"4,564,532","5,654,113,073.06"
DOMESTIC,Overnight,2023,Aseer,"6,906,088","9,534,903,826.01"
DOMESTIC,Overnight,2023,Eastern,"13,457,364","16,791,923,358.86"
DOMESTIC,Overnight,2023,Hail,"1,835,817","2,780,220,605.52"
DOMESTIC,Overnight,2023,Jazan,"2,922,882","3,715,946,034.06"
DOMESTIC,Overnight,2023,Jouf,"1,138,877","1,683,147,447.81"
DOMESTIC,Overnight,2023,Madinah,"6,003,200","6,265,363,547.75"
DOMESTIC,Overnight,2023,Makkah,"22,625,010","29,941,071,959.66"
DOMESTIC,Overnight,2023,Najran,"1,160,482","2,041,291,277.46"
DOMESTIC,Overnight,2023,Northern Borders,"1,070,445","1,984,018,846.72"
DOMESTIC,Overnight,2023,Riyadh,"16,347,778","28,575,946,725.92"
DOMESTIC,Overnight,2023,Tabuk,"2,817,058","4,201,541,773.4"
DOMESTIC,Overnight,2024,Albaha,"1,126,723","1,122,964,918.39"
DOMESTIC,Overnight,2024,Alqassim,"4,872,445","5,689,944,556.5"
DOMESTIC,Overnight,2024,Aseer,"7,333,549","8,598,518,662.6"
DOMESTIC,Overnight,2024,Eastern,"13,644,380","16,421,823,424.03"
DOMESTIC,Overnight,2024,Hail,"1,840,798","2,550,049,357.05"
DOMESTIC,Overnight,2024,Jazan,"2,936,373","2,858,261,001.24"
DOMESTIC,Overnight,2024,Jouf,"1,159,397","1,571,207,969.21"
DOMESTIC,Overnight,2024,Madinah,"6,720,888","7,474,643,865.5"
DOMESTIC,Overnight,2024,Makkah,"23,487,120","30,656,786,192.03"
DOMESTIC,Overnight,2024,Najran,"1,259,012","2,115,480,240.76"
DOMESTIC,Overnight,2024,Northern Borders,"1,089,552","1,843,303,879.12"
DOMESTIC,Overnight,2024,Riyadh,"17,596,758","29,493,025,315.83"
DOMESTIC,Overnight,2024,Tabuk,"3,090,364","4,879,766,638.46"
DOMESTIC,Overnight,2025 H1,Albaha,"588,209","487,265,963.57"
DOMESTIC,Overnight,2025 H1,Alqassim,"2,313,195","2,268,911,768.2"
DOMESTIC,Overnight,2025 H1,Aseer,"3,319,629","4,158,572,951.93"
DOMESTIC,Overnight,2025 H1,Eastern,"7,177,531","9,932,651,635.98"
DOMESTIC,Overnight,2025 H1,Hail,"1,075,733","1,304,614,286.9"
DOMESTIC,Overnight,2025 H1,Jazan,"1,603,518","1,174,740,695.22"
DOMESTIC,Overnight,2025 H1,Jouf,"631,339","819,924,854.43"
DOMESTIC,Overnight,2025 H1,Madinah,"3,688,081","4,596,871,318.4"
DOMESTIC,Overnight,2025 H1,Makkah,"14,463,795","22,976,837,150.89"
DOMESTIC,Overnight,2025 H1,Najran,"642,530","924,213,073.95"
DOMESTIC,Overnight,2025 H1,Northern Borders,"506,034","717,857,976.23"
DOMESTIC,Overnight,2025 H1,Riyadh,"9,134,202","18,996,375,424.7"
DOMESTIC,Overnight,2025 H1,Tabuk,"1,455,368","2,548,341,886.17"
